common_name,description
flowering-maple,"flowering-maple est une plante d'intérieur tropicale idéale pour divers environnements. Elle produit des fleurs décoratives. Elle tolère bien la sécheresse. Elle est peu tolérante au sel. Elle possède des épines, ce qui nécessite de la prudence. Elle n'est pas considérée comme envahissante. Elle préfère une exposition en plein soleil. Elle doit être arrosée fréquemment. Elle pousse lentement. Elle demande une attention régulière. Son entretien est facile. C’est une plante vivace."
flowering-maple,flowering-maple est une plante d'intérieur tempérée idéale pour divers environnements. Elle produit des fleurs décoratives. Elle tolère bien la sécheresse. Elle est peu tolérante au sel. Elle ne présente pas d'épines. Elle n'est pas considérée comme envahissante. Elle préfère une exposition en plein soleil. Elle a besoin d’un arrosage modéré. Elle pousse lentement. Elle nécessite un entretien modéré. Son entretien est facile. C’est une plante vivace.
flowering-maple,flowering-maple est une plante d'intérieur tropicale idéale pour divers environnements. Elle produit des fleurs décoratives. Elle tolère bien la sécheresse. Elle est peu tolérante au sel. Elle ne présente pas d'épines. Elle n'est pas considérée comme envahissante. Elle préfère une exposition en plein soleil. Elle a besoin d’un arrosage modéré. Elle pousse lentement. Elle nécessite un entretien modéré. Son entretien est facile. C’est une plante vivace.
flowering-maple,flowering-maple est une plante d'intérieur tropicale idéale pour divers environnements. Elle produit des fleurs décoratives. Elle tolère bien la sécheresse. Elle peut survivre dans des environnements légèrement salins. Elle ne présente pas d'épines. Elle n'est pas considérée comme envahissante. Elle préfère une exposition en plein soleil. Elle a besoin d’un arrosage modéré. Elle pousse lentement. Elle demande une attention régulière. Elle requiert un suivi plus rigoureux. C’est une plante vivace.
Jacob's coat,Jacob's coat est une plante d'intérieur tempérée idéale pour divers environnements. Elle produit des fleurs décoratives. Elle ne tolère pas bien la sécheresse. Elle est peu tolérante au sel. Elle ne présente pas d'épines. Elle n'est pas considérée comme envahissante. Elle préfère une exposition en plein soleil. Elle doit être arrosée fréquemment. Elle pousse lentement. Elle demande une attention régulière. Son entretien est facile. C’est une plante vivace.
hot water plant,hot water plant est une plante d'intérieur tempérée idéale pour divers environnements. Elle produit des fleurs décoratives. Elle ne tolère pas bien la sécheresse. Elle est peu tolérante au sel. Elle ne présente pas d'épines. Elle n'est pas considérée comme envahissante. Elle peut s’adapter à différents niveaux de lumière. Elle a besoin d’un arrosage modéré. Elle pousse lentement. Elle demande une attention régulière. Elle requiert un suivi plus rigoureux. C’est une plante herbacée vivace.
desert rose,"desert rose est une plante d'intérieur tropicale idéale pour divers environnements. Elle produit des fleurs décoratives. Elle tolère bien la sécheresse. Elle peut survivre dans des environnements légèrement salins. Elle possède des épines, ce qui nécessite de la prudence. Elle n'est pas considérée comme envahissante. Elle préfère une exposition en plein soleil. Elle nécessite peu d’arrosage. Elle pousse lentement. Elle demande une attention régulière. Son entretien est facile. C’est une plante vivace."
maidenhair fern,maidenhair fern est une plante d'intérieur tempérée idéale pour divers environnements. Elle produit des fleurs décoratives. Elle ne tolère pas bien la sécheresse. Elle est peu tolérante au sel. Elle ne présente pas d'épines. Elle n'est pas considérée comme envahissante. Elle peut s’adapter à différents niveaux de lumière. Elle a besoin d’un arrosage modéré. Elle pousse lentement. Elle demande une attention régulière. Son entretien est facile. C’est une plante vivace.
delta maidenhair fern,delta maidenhair fern est une plante d'intérieur tempérée idéale pour divers environnements. Elle produit des fleurs décoratives. Elle tolère bien la sécheresse. Elle est peu tolérante au sel. Elle ne présente pas d'épines. Elle n'est pas considérée comme envahissante. Elle peut s’adapter à différents niveaux de lumière. Elle a besoin d’un arrosage modéré. Elle pousse lentement. Elle demande une attention régulière. Elle est plutôt exigeante. C’est une plante vivace.
urn plant,urn plant est une plante d'intérieur tropicale idéale pour divers environnements. Elle produit des fleurs décoratives. Elle tolère bien la sécheresse. Elle peut survivre dans des environnements légèrement salins. Elle ne présente pas d'épines. Elle n'est pas considérée comme envahissante. Elle peut s’adapter à différents niveaux de lumière. Elle a besoin d’un arrosage modéré. Elle pousse lentement. Elle nécessite un entretien modéré. Elle requiert un suivi plus rigoureux. C’est une plante vivace.
stalked aeonium,"stalked aeonium est une plante d'intérieur tempérée idéale pour divers environnements. Elle produit des fleurs décoratives. Elle tolère bien la sécheresse. Elle peut survivre dans des environnements légèrement salins. Elle possède des épines, ce qui nécessite de la prudence. Elle n'est pas considérée comme envahissante. Elle préfère une exposition en plein soleil. Elle a besoin d’un arrosage modéré. Elle pousse lentement. Elle demande une attention régulière. Elle requiert un suivi plus rigoureux. C’est une plante herbacée vivace."
lipstick plant,lipstick plant est une plante d'intérieur tropicale idéale pour divers environnements. Elle produit des fleurs décoratives. Elle tolère bien la sécheresse. Elle est peu tolérante au sel. Elle ne présente pas d'épines. Elle n'est pas considérée comme envahissante. Elle préfère une exposition en plein soleil. Elle a besoin d’un arrosage modéré. Elle pousse lentement. Elle demande une attention régulière. Son entretien est facile. C’est une plante vivace.
Philippine evergreen,Philippine evergreen est une plante d'intérieur tropicale idéale pour divers environnements. Elle produit des fleurs décoratives. Elle tolère bien la sécheresse. Elle peut survivre dans des environnements légèrement salins. Elle ne présente pas d'épines. Elle n'est pas considérée comme envahissante. Elle peut s’adapter à différents niveaux de lumière. Elle a besoin d’un arrosage modéré. Elle pousse lentement. Elle demande une attention régulière. Son entretien est facile. C’est une plante herbacée vivace.
Chinese evegreen,Chinese evegreen est une plante d'intérieur tempérée idéale pour divers environnements. Elle produit des fleurs décoratives. Elle tolère bien la sécheresse. Elle peut survivre dans des environnements légèrement salins. Elle ne présente pas d'épines. Elle n'est pas considérée comme envahissante. Elle peut s’adapter à différents niveaux de lumière. Elle a besoin d’un arrosage modéré. Elle pousse lentement. Elle demande une attention régulière. Son entretien est facile. C’est une plante herbacée vivace.
Chinese evergreen,Chinese evergreen est une plante d'intérieur tropicale idéale pour divers environnements. Elle produit des fleurs décoratives. Elle tolère bien la sécheresse. Elle est peu tolérante au sel. Elle ne présente pas d'épines. Elle n'est pas considérée comme envahissante. Elle peut s’adapter à différents niveaux de lumière. Elle a besoin d’un arrosage modéré. Elle pousse lentement. Elle demande une attention régulière. Son entretien est facile. C’est une plante herbacée vivace.
Chinese evergreen,Chinese evergreen est une plante d'intérieur tropicale idéale pour divers environnements. Elle produit des fleurs décoratives. Elle tolère bien la sécheresse. Elle est peu tolérante au sel. Elle ne présente pas d'épines. Elle n'est pas considérée comme envahissante. Elle peut s’adapter à différents niveaux de lumière. Elle a besoin d’un arrosage modéré. Elle pousse lentement. Elle demande une attention régulière. Son entretien est facile. C’est une plante herbacée vivace.
onion,onion est une plante d'intérieur tempérée idéale pour divers environnements. Elle produit des fleurs décoratives. Elle ne tolère pas bien la sécheresse. Elle peut survivre dans des environnements légèrement salins. Elle ne présente pas d'épines. Elle n'est pas considérée comme envahissante. Elle préfère une exposition en plein soleil. Elle a besoin d’un arrosage modéré. Elle pousse rapidement. Elle demande une attention régulière. Elle requiert un suivi plus rigoureux. C’est une plante vivace.
elephant's ear,elephant's ear est une plante d'intérieur tropicale idéale pour divers environnements. Elle produit des fleurs décoratives. Elle tolère bien la sécheresse. Elle est peu tolérante au sel. Elle ne présente pas d'épines. Elle peut devenir envahissante si elle n'est pas contrôlée. Elle peut s’adapter à différents niveaux de lumière. Elle a besoin d’un arrosage modéré. Elle pousse rapidement. Elle demande une attention régulière. Elle requiert un suivi plus rigoureux. C’est une plante vivace.
Amazonian elephant's ear,Amazonian elephant's ear est une plante d'intérieur tropicale idéale pour divers environnements. Elle produit des fleurs décoratives. Elle ne tolère pas bien la sécheresse. Elle est peu tolérante au sel. Elle ne présente pas d'épines. Elle n'est pas considérée comme envahissante. Elle peut s’adapter à différents niveaux de lumière. Elle doit être arrosée fréquemment. Elle pousse rapidement. Elle requiert des soins exigeants. Elle requiert un suivi plus rigoureux. C’est une plante vivace.
elephant's ear,elephant's ear est une plante d'intérieur tropicale idéale pour divers environnements. Elle produit des fleurs décoratives. Elle ne tolère pas bien la sécheresse. Elle est peu tolérante au sel. Elle ne présente pas d'épines. Elle n'est pas considérée comme envahissante. Elle peut s’adapter à différents niveaux de lumière. Elle a besoin d’un arrosage modéré. Elle pousse rapidement. Elle demande une attention régulière. Elle requiert un suivi plus rigoureux. C’est une plante vivace.
elephant's ear,elephant's ear est une plante d'intérieur tropicale idéale pour divers environnements. Elle produit des fleurs décoratives. Elle tolère bien la sécheresse. Elle peut survivre dans des environnements légèrement salins. Elle ne présente pas d'épines. Elle peut devenir envahissante si elle n'est pas contrôlée. Elle préfère une exposition en plein soleil. Elle a besoin d’un arrosage modéré. Elle pousse rapidement. Elle requiert des soins exigeants. Son entretien est facile. C’est une plante vivace.
elephant's ear,elephant's ear est une plante d'intérieur tropicale idéale pour divers environnements. Elle produit des fleurs décoratives. Elle ne tolère pas bien la sécheresse. Elle est peu tolérante au sel. Elle ne présente pas d'épines. Elle n'est pas considérée comme envahissante. Elle préfère une exposition en plein soleil. Elle a besoin d’un arrosage modéré. Elle pousse rapidement. Elle demande une attention régulière. Elle requiert un suivi plus rigoureux. C’est une plante vivace.
giant elephant's ear,"giant elephant's ear est une plante d'intérieur tropicale idéale pour divers environnements. Elle produit des fleurs décoratives. Elle tolère bien la sécheresse. Elle est peu tolérante au sel. Elle possède des épines, ce qui nécessite de la prudence. Elle peut devenir envahissante si elle n'est pas contrôlée. Elle peut s’adapter à différents niveaux de lumière. Elle a besoin d’un arrosage modéré. Elle pousse rapidement. Elle demande une attention régulière. Elle requiert un suivi plus rigoureux. C’est une plante vivace."
elephant's ear,elephant's ear est une plante d'intérieur tropicale idéale pour divers environnements. Elle produit des fleurs décoratives. Elle ne tolère pas bien la sécheresse. Elle est peu tolérante au sel. Elle ne présente pas d'épines. Elle n'est pas considérée comme envahissante. Elle préfère une exposition en plein soleil. Elle a besoin d’un arrosage modéré. Elle pousse rapidement. Elle requiert des soins exigeants. Elle requiert un suivi plus rigoureux. C’est une plante vivace.
elephant's ear,elephant's ear est une plante d'intérieur tropicale idéale pour divers environnements. Elle produit des fleurs décoratives. Elle tolère bien la sécheresse. Elle est peu tolérante au sel. Elle ne présente pas d'épines. Elle n'est pas considérée comme envahissante. Elle préfère une exposition en plein soleil. Elle a besoin d’un arrosage modéré. Elle pousse lentement. Elle demande une attention régulière. Elle requiert un suivi plus rigoureux. C’est une plante vivace.
elephant's ear,elephant's ear est une plante d'intérieur tropicale idéale pour divers environnements. Elle produit des fleurs décoratives. Elle tolère bien la sécheresse. Elle est peu tolérante au sel. Elle ne présente pas d'épines. Elle n'est pas considérée comme envahissante. Elle peut s’adapter à différents niveaux de lumière. Elle a besoin d’un arrosage modéré. Elle pousse rapidement. Elle demande une attention régulière. Elle requiert un suivi plus rigoureux. C’est une plante vivace.
aloe,aloe est une plante d'intérieur tempérée idéale pour divers environnements. Elle produit des fleurs décoratives. Elle tolère bien la sécheresse. Elle peut survivre dans des environnements légèrement salins. Elle ne présente pas d'épines. Elle n'est pas considérée comme envahissante. Elle peut s’adapter à différents niveaux de lumière. Elle nécessite peu d’arrosage. Elle pousse lentement. Elle demande une attention régulière. Son entretien est facile. C’est une plante herbacée vivace.
aloe,aloe est une plante d'intérieur tempérée idéale pour divers environnements. Elle produit des fleurs décoratives. Elle tolère bien la sécheresse. Elle peut survivre dans des environnements légèrement salins. Elle ne présente pas d'épines. Elle n'est pas considérée comme envahissante. Elle préfère une exposition en plein soleil. Elle nécessite peu d’arrosage. Elle pousse lentement. Elle demande une attention régulière. Son entretien est facile. C’est une plante vivace.
aloe,aloe est une plante d'intérieur tempérée idéale pour divers environnements. Elle produit des fleurs décoratives. Elle tolère bien la sécheresse. Elle peut survivre dans des environnements légèrement salins. Elle ne présente pas d'épines. Elle n'est pas considérée comme envahissante. Elle préfère une exposition en plein soleil. Elle nécessite peu d’arrosage. Elle pousse rapidement. Elle demande une attention régulière. Son entretien est facile. C’est une plante herbacée vivace.
Joseph's coat,Joseph's coat est une plante d'intérieur tempérée idéale pour divers environnements. Elle produit des fleurs décoratives. Elle ne tolère pas bien la sécheresse. Elle peut survivre dans des environnements légèrement salins. Elle ne présente pas d'épines. Elle n'est pas considérée comme envahissante. Elle préfère une exposition en plein soleil. Elle doit être arrosée fréquemment. Elle pousse rapidement. Elle demande une attention régulière. Son entretien est facile. C’est une plante herbacée vivace.
Joseph's coat,Joseph's coat est une plante d'intérieur tempérée idéale pour divers environnements. Elle produit des fleurs décoratives. Elle tolère bien la sécheresse. Elle peut survivre dans des environnements légèrement salins. Elle ne présente pas d'épines. Elle n'est pas considérée comme envahissante. Elle préfère une exposition en plein soleil. Elle a besoin d’un arrosage modéré. Elle pousse lentement. Elle demande une attention régulière. Son entretien est facile. C’est une plante herbacée vivace.
anthurium,anthurium est une plante d'intérieur tempérée idéale pour divers environnements. Elle produit des fleurs décoratives. Elle ne tolère pas bien la sécheresse. Elle est peu tolérante au sel. Elle ne présente pas d'épines. Elle n'est pas considérée comme envahissante. Elle peut s’adapter à différents niveaux de lumière. Elle a besoin d’un arrosage modéré. Elle pousse rapidement. Elle demande une attention régulière. Elle requiert un suivi plus rigoureux. C’est une plante herbacée vivace.
anthurium,anthurium est une plante d'intérieur tempérée idéale pour divers environnements. Elle produit des fleurs décoratives. Elle ne tolère pas bien la sécheresse. Elle est peu tolérante au sel. Elle ne présente pas d'épines. Elle n'est pas considérée comme envahissante. Elle préfère une exposition en plein soleil. Elle doit être arrosée fréquemment. Elle pousse lentement. Elle demande une attention régulière. Elle requiert un suivi plus rigoureux. C’est une plante herbacée vivace.
zebra plant,zebra plant est une plante d'intérieur tempérée idéale pour divers environnements. Elle produit des fleurs décoratives. Elle tolère bien la sécheresse. Elle est peu tolérante au sel. Elle ne présente pas d'épines. Elle n'est pas considérée comme envahissante. Elle peut s’adapter à différents niveaux de lumière. Elle a besoin d’un arrosage modéré. Elle pousse lentement. Elle demande une attention régulière. Elle requiert un suivi plus rigoureux. C’est une plante vivace.
trailing snapdragon,trailing snapdragon est une plante d'intérieur tempérée idéale pour divers environnements. Elle produit des fleurs décoratives. Elle tolère bien la sécheresse. Elle est peu tolérante au sel. Elle ne présente pas d'épines. Elle n'est pas considérée comme envahissante. Elle préfère une exposition en plein soleil. Elle a besoin d’un arrosage modéré. Elle pousse lentement. Elle demande une attention régulière. Son entretien est facile. C’est une plante herbacée vivace.
Sprenger's asparagus fern,Sprenger's asparagus fern est une plante d'intérieur tempérée idéale pour divers environnements. Elle produit des fleurs décoratives. Elle tolère bien la sécheresse. Elle est peu tolérante au sel. Elle ne présente pas d'épines. Elle peut devenir envahissante si elle n'est pas contrôlée. Elle peut s’adapter à différents niveaux de lumière. Elle a besoin d’un arrosage modéré. Elle pousse lentement. Elle demande une attention régulière. Son entretien est facile. C’est une plante herbacée vivace.
asparagus fern,asparagus fern est une plante d'intérieur tempérée idéale pour divers environnements. Elle produit des fleurs décoratives. Elle ne tolère pas bien la sécheresse. Elle peut survivre dans des environnements légèrement salins. Elle ne présente pas d'épines. Elle peut devenir envahissante si elle n'est pas contrôlée. Elle peut s’adapter à différents niveaux de lumière. Elle a besoin d’un arrosage modéré. Elle pousse rapidement. Elle nécessite un entretien modéré. Son entretien est facile. C’est une plante herbacée vivace.
asparagus fern,asparagus fern est une plante d'intérieur tempérée idéale pour divers environnements. Elle produit des fleurs décoratives. Elle ne tolère pas bien la sécheresse. Elle est peu tolérante au sel. Elle ne présente pas d'épines. Elle peut devenir envahissante si elle n'est pas contrôlée. Elle peut s’adapter à différents niveaux de lumière. Elle nécessite peu d’arrosage. Elle pousse rapidement. Elle demande une attention régulière. Son entretien est facile. C’est une plante herbacée vivace.
asparagus fern,asparagus fern est une plante d'intérieur tempérée idéale pour divers environnements. Elle produit des fleurs décoratives. Elle tolère bien la sécheresse. Elle est peu tolérante au sel. Elle ne présente pas d'épines. Elle peut devenir envahissante si elle n'est pas contrôlée. Elle peut s’adapter à différents niveaux de lumière. Elle doit être arrosée fréquemment. Elle pousse lentement. Elle demande une attention régulière. Son entretien est facile. C’est une plante vivace.
cast-iron plant,cast-iron plant est une plante d'intérieur tempérée idéale pour divers environnements. Elle produit des fleurs décoratives. Elle tolère bien la sécheresse. Elle est peu tolérante au sel. Elle ne présente pas d'épines. Elle n'est pas considérée comme envahissante. Elle peut s’adapter à différents niveaux de lumière. Elle a besoin d’un arrosage modéré. Elle pousse lentement. Elle demande une attention régulière. Son entretien est facile. C’est une plante herbacée vivace.
bird's nest fern,bird's nest fern est une plante d'intérieur tropicale idéale pour divers environnements. Elle produit des fleurs décoratives. Elle ne tolère pas bien la sécheresse. Elle est peu tolérante au sel. Elle ne présente pas d'épines. Elle n'est pas considérée comme envahissante. Elle préfère une exposition en plein soleil. Elle a besoin d’un arrosage modéré. Elle pousse lentement. Elle demande une attention régulière. Son entretien est facile. C’est une plante vivace.
Japanese painted fern,Japanese painted fern est une plante d'intérieur tempérée idéale pour divers environnements. Elle produit des fleurs décoratives. Elle ne tolère pas bien la sécheresse. Elle est peu tolérante au sel. Elle ne présente pas d'épines. Elle n'est pas considérée comme envahissante. Elle préfère une lumière filtrée ou tamisée. Elle a besoin d’un arrosage modéré. Elle pousse rapidement. Elle demande une attention régulière. Son entretien est facile. C’est une plante vivace.
spotted laurel,spotted laurel est une plante d'intérieur tempérée idéale pour divers environnements. Elle produit des fleurs décoratives. Elle tolère bien la sécheresse. Elle est peu tolérante au sel. Elle ne présente pas d'épines. Elle n'est pas considérée comme envahissante. Elle peut s’adapter à différents niveaux de lumière. Elle doit être arrosée fréquemment. Elle pousse lentement. Elle nécessite un entretien modéré. Son entretien est facile. C’est une plante vivace.
spotted laurel,spotted laurel est une plante d'intérieur tempérée idéale pour divers environnements. Elle produit des fleurs décoratives. Elle tolère bien la sécheresse. Elle est peu tolérante au sel. Elle ne présente pas d'épines. Elle n'est pas considérée comme envahissante. Elle préfère une exposition en plein soleil. Elle a besoin d’un arrosage modéré. Elle pousse lentement. Elle demande une attention régulière. Son entretien est facile. C’est une plante vivace.
spotted laurel,spotted laurel est une plante d'intérieur tempérée idéale pour divers environnements. Elle produit des fleurs décoratives. Elle tolère bien la sécheresse. Elle est peu tolérante au sel. Elle ne présente pas d'épines. Elle n'est pas considérée comme envahissante. Elle peut s’adapter à différents niveaux de lumière. Elle a besoin d’un arrosage modéré. Elle pousse lentement. Elle nécessite un entretien modéré. Son entretien est facile. C’est une plante vivace.
ponytail palm,ponytail palm est une plante d'intérieur tempérée idéale pour divers environnements. Elle produit des fleurs décoratives. Elle tolère bien la sécheresse. Elle est peu tolérante au sel. Elle ne présente pas d'épines. Elle n'est pas considérée comme envahissante. Elle peut s’adapter à différents niveaux de lumière. Elle a besoin d’un arrosage modéré. Elle pousse lentement. Elle demande une attention régulière. Son entretien est facile. C’est une plante vivace.
begonia,begonia est une plante d'intérieur tempérée idéale pour divers environnements. Elle produit des fleurs décoratives. Elle ne tolère pas bien la sécheresse. Elle est peu tolérante au sel. Elle ne présente pas d'épines. Elle n'est pas considérée comme envahissante. Elle préfère une exposition en plein soleil. Elle doit être arrosée fréquemment. Elle pousse lentement. Elle demande une attention régulière. Elle requiert un suivi plus rigoureux. C’est une plante herbacée vivace.
begonia,begonia est une plante d'intérieur tempérée idéale pour divers environnements. Elle produit des fleurs décoratives. Elle ne tolère pas bien la sécheresse. Elle peut survivre dans des environnements légèrement salins. Elle ne présente pas d'épines. Elle n'est pas considérée comme envahissante. Elle préfère une exposition en plein soleil. Elle a besoin d’un arrosage modéré. Elle pousse rapidement. Elle demande une attention régulière. Son entretien est facile. C’est une plante herbacée vivace.
begonia,begonia est une plante d'intérieur tempérée idéale pour divers environnements. Elle produit des fleurs décoratives. Elle ne tolère pas bien la sécheresse. Elle est peu tolérante au sel. Elle ne présente pas d'épines. Elle n'est pas considérée comme envahissante. Elle préfère une exposition en plein soleil. Elle a besoin d’un arrosage modéré. Elle pousse rapidement. Elle demande une attention régulière. Son entretien est facile. C’est une plante herbacée vivace.
begonia,begonia est une plante d'intérieur tempérée idéale pour divers environnements. Elle produit des fleurs décoratives. Elle ne tolère pas bien la sécheresse. Elle est peu tolérante au sel. Elle ne présente pas d'épines. Elle n'est pas considérée comme envahissante. Elle préfère une exposition en plein soleil. Elle a besoin d’un arrosage modéré. Elle pousse rapidement. Elle demande une attention régulière. Elle requiert un suivi plus rigoureux. C’est une plante herbacée vivace.
begonia,begonia est une plante d'intérieur tempérée idéale pour divers environnements. Elle produit des fleurs décoratives. Elle ne tolère pas bien la sécheresse. Elle est peu tolérante au sel. Elle ne présente pas d'épines. Elle n'est pas considérée comme envahissante. Elle peut s’adapter à différents niveaux de lumière. Elle a besoin d’un arrosage modéré. Elle pousse lentement. Elle demande une attention régulière. Elle requiert un suivi plus rigoureux. C’est une plante herbacée vivace.
begonia,begonia est une plante d'intérieur tempérée idéale pour divers environnements. Elle produit des fleurs décoratives. Elle ne tolère pas bien la sécheresse. Elle est peu tolérante au sel. Elle ne présente pas d'épines. Elle n'est pas considérée comme envahissante. Elle peut s’adapter à différents niveaux de lumière. Elle a besoin d’un arrosage modéré. Elle pousse rapidement. Elle demande une attention régulière. Elle requiert un suivi plus rigoureux. C’est une plante herbacée vivace.
begonia,begonia est une plante d'intérieur tempérée idéale pour divers environnements. Elle produit des fleurs décoratives. Elle ne tolère pas bien la sécheresse. Elle est peu tolérante au sel. Elle ne présente pas d'épines. Elle n'est pas considérée comme envahissante. Elle préfère une exposition en plein soleil. Elle a besoin d’un arrosage modéré. Elle pousse rapidement. Elle demande une attention régulière. Elle requiert un suivi plus rigoureux. C’est une plante herbacée vivace.
begonia,begonia est une plante d'intérieur tempérée idéale pour divers environnements. Elle produit des fleurs décoratives. Elle ne tolère pas bien la sécheresse. Elle est peu tolérante au sel. Elle ne présente pas d'épines. Elle n'est pas considérée comme envahissante. Elle peut s’adapter à différents niveaux de lumière. Elle a besoin d’un arrosage modéré. Elle pousse lentement. Elle demande une attention régulière. Elle requiert un suivi plus rigoureux. C’est une plante herbacée vivace.
begonia,begonia est une plante d'intérieur tempérée idéale pour divers environnements. Elle produit des fleurs décoratives. Elle ne tolère pas bien la sécheresse. Elle est peu tolérante au sel. Elle ne présente pas d'épines. Elle n'est pas considérée comme envahissante. Elle peut s’adapter à différents niveaux de lumière. Elle a besoin d’un arrosage modéré. Elle pousse rapidement. Elle demande une attention régulière. Elle requiert un suivi plus rigoureux. C’est une plante herbacée vivace.
hybrid tuberous begonia,hybrid tuberous begonia est une plante d'intérieur tempérée idéale pour divers environnements. Elle produit des fleurs décoratives. Elle ne tolère pas bien la sécheresse. Elle est peu tolérante au sel. Elle ne présente pas d'épines. Elle n'est pas considérée comme envahissante. Elle peut s’adapter à différents niveaux de lumière. Elle a besoin d’un arrosage modéré. Elle pousse lentement. Elle demande une attention régulière. Elle est plutôt exigeante. C’est une plante herbacée vivace.
iron cross begonia,iron cross begonia est une plante d'intérieur tempérée idéale pour divers environnements. Elle produit des fleurs décoratives. Elle ne tolère pas bien la sécheresse. Elle est peu tolérante au sel. Elle ne présente pas d'épines. Elle n'est pas considérée comme envahissante. Elle préfère une lumière filtrée ou tamisée. Elle a besoin d’un arrosage modéré. Elle pousse lentement. Elle demande une attention régulière. Elle requiert un suivi plus rigoureux. C’est une plante herbacée vivace.
begonia,begonia est une plante d'intérieur tempérée idéale pour divers environnements. Elle produit des fleurs décoratives. Elle ne tolère pas bien la sécheresse. Elle est peu tolérante au sel. Elle ne présente pas d'épines. Elle n'est pas considérée comme envahissante. Elle peut s’adapter à différents niveaux de lumière. Elle a besoin d’un arrosage modéré. Elle pousse lentement. Elle demande une attention régulière. Elle requiert un suivi plus rigoureux. C’est une plante herbacée vivace.
rex begonia,rex begonia est une plante d'intérieur tempérée idéale pour divers environnements. Elle produit des fleurs décoratives. Elle ne tolère pas bien la sécheresse. Elle est peu tolérante au sel. Elle ne présente pas d'épines. Elle n'est pas considérée comme envahissante. Elle peut s’adapter à différents niveaux de lumière. Elle a besoin d’un arrosage modéré. Elle pousse lentement. Elle demande une attention régulière. Elle est plutôt exigeante. C’est une plante herbacée vivace.
rex begonia,rex begonia est une plante d'intérieur tempérée idéale pour divers environnements. Elle produit des fleurs décoratives. Elle ne tolère pas bien la sécheresse. Elle est peu tolérante au sel. Elle ne présente pas d'épines. Elle n'est pas considérée comme envahissante. Elle peut s’adapter à différents niveaux de lumière. Elle a besoin d’un arrosage modéré. Elle pousse lentement. Elle requiert des soins exigeants. Elle requiert un suivi plus rigoureux. C’est une plante herbacée vivace.
begonia,begonia est une plante d'intérieur tempérée idéale pour divers environnements. Elle produit des fleurs décoratives. Elle ne tolère pas bien la sécheresse. Elle est peu tolérante au sel. Elle ne présente pas d'épines. Elle n'est pas considérée comme envahissante. Elle peut s’adapter à différents niveaux de lumière. Elle a besoin d’un arrosage modéré. Elle pousse lentement. Elle nécessite un entretien modéré. Son entretien est facile. C’est une plante herbacée vivace.
wax begonia,wax begonia est une plante d'intérieur tempérée idéale pour divers environnements. Elle produit des fleurs décoratives. Elle ne tolère pas bien la sécheresse. Elle est peu tolérante au sel. Elle ne présente pas d'épines. Elle n'est pas considérée comme envahissante. Elle préfère une lumière filtrée ou tamisée. Elle a besoin d’un arrosage modéré. Elle pousse lentement. Elle demande une attention régulière. Elle requiert un suivi plus rigoureux. C’est une plante herbacée vivace.
angelwing begonia,angelwing begonia est une plante d'intérieur tempérée idéale pour divers environnements. Elle produit des fleurs décoratives. Elle ne tolère pas bien la sécheresse. Elle est peu tolérante au sel. Elle ne présente pas d'épines. Elle n'est pas considérée comme envahissante. Elle peut s’adapter à différents niveaux de lumière. Elle doit être arrosée fréquemment. Elle pousse lentement. Elle demande une attention régulière. Elle requiert un suivi plus rigoureux. C’est une plante herbacée vivace.
begonia,begonia est une plante d'intérieur tempérée idéale pour divers environnements. Elle produit des fleurs décoratives. Elle ne tolère pas bien la sécheresse. Elle est peu tolérante au sel. Elle ne présente pas d'épines. Elle n'est pas considérée comme envahissante. Elle préfère une lumière filtrée ou tamisée. Elle a besoin d’un arrosage modéré. Elle pousse rapidement. Elle nécessite un entretien modéré. Elle requiert un suivi plus rigoureux. C’est une plante herbacée vivace.
angelwing begonia,angelwing begonia est une plante d'intérieur tempérée idéale pour divers environnements. Elle produit des fleurs décoratives. Elle ne tolère pas bien la sécheresse. Elle est peu tolérante au sel. Elle ne présente pas d'épines. Elle n'est pas considérée comme envahissante. Elle peut s’adapter à différents niveaux de lumière. Elle a besoin d’un arrosage modéré. Elle pousse lentement. Elle demande une attention régulière. Elle requiert un suivi plus rigoureux. C’est une plante herbacée vivace.
hybrid tuberous begonia,hybrid tuberous begonia est une plante d'intérieur tempérée idéale pour divers environnements. Elle produit des fleurs décoratives. Elle ne tolère pas bien la sécheresse. Elle est peu tolérante au sel. Elle ne présente pas d'épines. Elle n'est pas considérée comme envahissante. Elle peut s’adapter à différents niveaux de lumière. Elle nécessite peu d’arrosage. Elle pousse lentement. Elle demande une attention régulière. Elle requiert un suivi plus rigoureux. C’est une plante herbacée vivace.
hybrid tuberous begonia,hybrid tuberous begonia est une plante d'intérieur tempérée idéale pour divers environnements. Elle produit des fleurs décoratives. Elle ne tolère pas bien la sécheresse. Elle est peu tolérante au sel. Elle ne présente pas d'épines. Elle n'est pas considérée comme envahissante. Elle peut s’adapter à différents niveaux de lumière. Elle a besoin d’un arrosage modéré. Elle pousse lentement. Elle demande une attention régulière. Elle requiert un suivi plus rigoureux. C’est une plante herbacée vivace.
hybrid tuberous begonia,hybrid tuberous begonia est une plante d'intérieur tempérée idéale pour divers environnements. Elle produit des fleurs décoratives. Elle ne tolère pas bien la sécheresse. Elle est peu tolérante au sel. Elle ne présente pas d'épines. Elle n'est pas considérée comme envahissante. Elle préfère une exposition en plein soleil. Elle a besoin d’un arrosage modéré. Elle pousse lentement. Elle demande une attention régulière. Elle est plutôt exigeante. C’est une plante vivace.
jewel plant,jewel plant est une plante d'intérieur tempérée idéale pour divers environnements. Elle produit des fleurs décoratives. Elle ne tolère pas bien la sécheresse. Elle peut survivre dans des environnements légèrement salins. Elle ne présente pas d'épines. Elle n'est pas considérée comme envahissante. Elle peut s’adapter à différents niveaux de lumière. Elle doit être arrosée fréquemment. Elle pousse lentement. Elle demande une attention régulière. Elle requiert un suivi plus rigoureux. C’est une plante herbacée vivace.
boxwood,boxwood est une plante d'intérieur tempérée idéale pour divers environnements. Elle produit des fleurs décoratives. Elle ne tolère pas bien la sécheresse. Elle est peu tolérante au sel. Elle ne présente pas d'épines. Elle n'est pas considérée comme envahissante. Elle préfère une lumière filtrée ou tamisée. Elle a besoin d’un arrosage modéré. Elle pousse rapidement. Elle demande une attention régulière. Elle requiert un suivi plus rigoureux. C’est une plante vivace.
angel wings,angel wings est une plante d'intérieur tempérée idéale pour divers environnements. Elle produit des fleurs décoratives. Elle ne tolère pas bien la sécheresse. Elle est peu tolérante au sel. Elle ne présente pas d'épines. Elle n'est pas considérée comme envahissante. Elle peut s’adapter à différents niveaux de lumière. Elle a besoin d’un arrosage modéré. Elle pousse lentement. Elle demande une attention régulière. Elle requiert un suivi plus rigoureux. C’est une plante vivace.
orchid,orchid est une plante d'intérieur tempérée idéale pour divers environnements. Elle produit des fleurs décoratives. Elle ne tolère pas bien la sécheresse. Elle peut survivre dans des environnements légèrement salins. Elle ne présente pas d'épines. Elle n'est pas considérée comme envahissante. Elle préfère une lumière filtrée ou tamisée. Elle doit être arrosée fréquemment. Elle pousse lentement. Elle demande une attention régulière. Elle requiert un suivi plus rigoureux. C’est une plante vivace.
rattlesnake plant,rattlesnake plant est une plante d'intérieur tropicale idéale pour divers environnements. Elle produit des fleurs décoratives. Elle ne tolère pas bien la sécheresse. Elle est peu tolérante au sel. Elle ne présente pas d'épines. Elle n'est pas considérée comme envahissante. Elle peut s’adapter à différents niveaux de lumière. Elle a besoin d’un arrosage modéré. Elle pousse lentement. Elle demande une attention régulière. Elle requiert un suivi plus rigoureux. C’est une plante herbacée vivace.
peacock plant,peacock plant est une plante d'intérieur tropicale idéale pour divers environnements. Elle produit des fleurs décoratives. Elle ne tolère pas bien la sécheresse. Elle est peu tolérante au sel. Elle ne présente pas d'épines. Elle n'est pas considérée comme envahissante. Elle peut s’adapter à différents niveaux de lumière. Elle a besoin d’un arrosage modéré. Elle pousse modérément. Elle demande une attention régulière. Elle requiert un suivi plus rigoureux. C’est une plante herbacée vivace.
zebra plant,zebra plant est une plante d'intérieur tropicale idéale pour divers environnements. Elle produit des fleurs décoratives. Elle ne tolère pas bien la sécheresse. Elle est peu tolérante au sel. Elle ne présente pas d'épines. Elle n'est pas considérée comme envahissante. Elle peut s’adapter à différents niveaux de lumière. Elle a besoin d’un arrosage modéré. Elle pousse lentement. Elle demande une attention régulière. Elle requiert un suivi plus rigoureux. C’est une plante herbacée vivace.
ornamental pepper,ornamental pepper est une plante d'intérieur tempérée idéale pour divers environnements. Elle produit des fleurs décoratives. Elle ne tolère pas bien la sécheresse. Elle est peu tolérante au sel. Elle ne présente pas d'épines. Elle n'est pas considérée comme envahissante. Elle préfère une exposition en plein soleil. Elle a besoin d’un arrosage modéré. Elle pousse lentement. Elle demande une attention régulière. Son entretien est facile. C’est une plante herbacée vivace.
ornamental pepper,ornamental pepper est une plante d'intérieur tempérée idéale pour divers environnements. Elle produit des fleurs décoratives. Elle ne tolère pas bien la sécheresse. Elle est peu tolérante au sel. Elle ne présente pas d'épines. Elle n'est pas considérée comme envahissante. Elle préfère une exposition en plein soleil. Elle doit être arrosée fréquemment. Elle pousse lentement. Elle demande une attention régulière. Son entretien est facile. C’est une plante herbacée vivace.
ornamental pepper,ornamental pepper est une plante d'intérieur tempérée idéale pour divers environnements.  Elle ne tolère pas bien la sécheresse. Elle est peu tolérante au sel. Elle ne présente pas d'épines. Elle n'est pas considérée comme envahissante. Elle préfère une exposition en plein soleil. Elle a besoin d’un arrosage modéré. Elle pousse lentement. Elle demande une attention régulière. Son entretien est facile. C’est une plante herbacée vivace.
ornamental pepper,ornamental pepper est une plante d'intérieur tempérée idéale pour divers environnements. Elle produit des fleurs décoratives. Elle ne tolère pas bien la sécheresse. Elle est peu tolérante au sel. Elle ne présente pas d'épines. Elle n'est pas considérée comme envahissante. Elle préfère une exposition en plein soleil. Elle a besoin d’un arrosage modéré. Elle pousse lentement. Elle demande une attention régulière. Son entretien est facile. C’est une plante herbacée vivace.
orchid,orchid est une plante d'intérieur tropicale idéale pour divers environnements. Elle produit des fleurs décoratives. Elle ne tolère pas bien la sécheresse. Elle peut survivre dans des environnements légèrement salins. Elle ne présente pas d'épines. Elle n'est pas considérée comme envahissante. Elle peut s’adapter à différents niveaux de lumière. Elle a besoin d’un arrosage modéré. Elle pousse lentement. Elle requiert des soins exigeants. Elle requiert un suivi plus rigoureux. C’est une plante vivace.
parlor palm,parlor palm est une plante d'intérieur tropicale idéale pour divers environnements. Elle produit des fleurs décoratives. Elle tolère bien la sécheresse. Elle est peu tolérante au sel. Elle ne présente pas d'épines. Elle n'est pas considérée comme envahissante. Elle peut s’adapter à différents niveaux de lumière. Elle a besoin d’un arrosage modéré. Elle pousse lentement. Elle nécessite un entretien modéré. Son entretien est facile. C’est une plante vivace.
chamaedorea,chamaedorea est une plante d'intérieur tempérée idéale pour divers environnements. Elle produit des fleurs décoratives. Elle tolère bien la sécheresse. Elle est peu tolérante au sel. Elle ne présente pas d'épines. Elle n'est pas considérée comme envahissante. Elle peut s’adapter à différents niveaux de lumière. Elle doit être arrosée fréquemment. Elle pousse lentement. Elle demande une attention régulière. Son entretien est facile. C’est une plante vivace.
bamboo palm,bamboo palm est une plante d'intérieur tropicale idéale pour divers environnements. Elle produit des fleurs décoratives. Elle tolère bien la sécheresse. Elle est peu tolérante au sel. Elle ne présente pas d'épines. Elle n'est pas considérée comme envahissante. Elle peut s’adapter à différents niveaux de lumière. Elle a besoin d’un arrosage modéré. Elle pousse lentement. Elle nécessite un entretien modéré. Son entretien est facile. C’est une plante vivace.
St. Bernard's lily,St. Bernard's lily est une plante d'intérieur tempérée idéale pour divers environnements. Elle produit des fleurs décoratives. Elle tolère bien la sécheresse. Elle est peu tolérante au sel. Elle ne présente pas d'épines. Elle n'est pas considérée comme envahissante. Elle peut s’adapter à différents niveaux de lumière. Elle nécessite peu d’arrosage. Elle pousse lentement. Elle demande peu de soins. Son entretien est facile. C’est une plante herbacée vivace.
spider plant,spider plant est une plante d'intérieur tempérée idéale pour divers environnements. Elle produit des fleurs décoratives. Elle ne tolère pas bien la sécheresse. Elle est peu tolérante au sel. Elle ne présente pas d'épines. Elle n'est pas considérée comme envahissante. Elle préfère une lumière filtrée ou tamisée. Elle a besoin d’un arrosage modéré. Elle pousse lentement. Elle demande peu de soins. Son entretien est facile. C’est une plante herbacée vivace.
spider plant,spider plant est une plante d'intérieur tempérée idéale pour divers environnements. Elle produit des fleurs décoratives. Elle ne tolère pas bien la sécheresse. Elle est peu tolérante au sel. Elle ne présente pas d'épines. Elle n'est pas considérée comme envahissante. Elle peut s’adapter à différents niveaux de lumière. Elle a besoin d’un arrosage modéré. Elle pousse lentement. Elle demande peu de soins. Son entretien est facile. C’est une plante herbacée vivace.
spider plant,spider plant est une plante d'intérieur tempérée idéale pour divers environnements. Elle produit des fleurs décoratives. Elle ne tolère pas bien la sécheresse. Elle est peu tolérante au sel. Elle ne présente pas d'épines. Elle n'est pas considérée comme envahissante. Elle peut s’adapter à différents niveaux de lumière. Elle a besoin d’un arrosage modéré. Elle pousse lentement. Elle demande une attention régulière. Son entretien est facile. C’est une plante herbacée vivace.
chrysanthemum,chrysanthemum est une plante d'intérieur tempérée idéale pour divers environnements. Elle produit des fleurs décoratives. Elle ne tolère pas bien la sécheresse. Elle peut survivre dans des environnements légèrement salins. Elle ne présente pas d'épines. Elle n'est pas considérée comme envahissante. Elle préfère une exposition en plein soleil. Elle a besoin d’un arrosage modéré. Elle pousse rapidement. Elle demande une attention régulière. Son entretien est facile. C’est une plante herbacée vivace.
chrysanthemum,chrysanthemum est une plante d'intérieur tempérée idéale pour divers environnements. Elle produit des fleurs décoratives. Elle ne tolère pas bien la sécheresse. Elle est peu tolérante au sel. Elle ne présente pas d'épines. Elle n'est pas considérée comme envahissante. Elle préfère une exposition en plein soleil. Elle doit être arrosée fréquemment. Elle pousse rapidement. Elle demande une attention régulière. Son entretien est facile. C’est une plante herbacée vivace.
chrysanthemum,chrysanthemum est une plante d'intérieur tempérée idéale pour divers environnements. Elle produit des fleurs décoratives. Elle ne tolère pas bien la sécheresse. Elle peut survivre dans des environnements légèrement salins. Elle ne présente pas d'épines. Elle n'est pas considérée comme envahissante. Elle préfère une exposition en plein soleil. Elle doit être arrosée fréquemment. Elle pousse rapidement. Elle demande une attention régulière. Son entretien est facile. C’est une plante herbacée vivace.
chrysanthemum,chrysanthemum est une plante d'intérieur tempérée idéale pour divers environnements. Elle produit des fleurs décoratives. Elle ne tolère pas bien la sécheresse. Elle est peu tolérante au sel. Elle ne présente pas d'épines. Elle n'est pas considérée comme envahissante. Elle préfère une exposition en plein soleil. Elle a besoin d’un arrosage modéré. Elle pousse rapidement. Elle demande une attention régulière. Son entretien est facile. C’est une plante herbacée vivace.
chrysanthemum,chrysanthemum est une plante d'intérieur tempérée idéale pour divers environnements. Elle produit des fleurs décoratives. Elle ne tolère pas bien la sécheresse. Elle est peu tolérante au sel. Elle ne présente pas d'épines. Elle n'est pas considérée comme envahissante. Elle préfère une exposition en plein soleil. Elle a besoin d’un arrosage modéré. Elle pousse lentement. Elle demande une attention régulière. Son entretien est facile. C’est une plante herbacée vivace.
meyer lemon,meyer lemon est une plante d'intérieur tempérée idéale pour divers environnements. Elle produit des fleurs décoratives. Elle tolère bien la sécheresse. Elle est peu tolérante au sel. Elle ne présente pas d'épines. Elle n'est pas considérée comme envahissante. Elle préfère une exposition en plein soleil. Elle nécessite peu d’arrosage. Elle pousse lentement. Elle demande une attention régulière. Elle requiert un suivi plus rigoureux. C’est une plante vivace.
bleeding heart,bleeding heart est une plante d'intérieur tempérée idéale pour divers environnements. Elle produit des fleurs décoratives. Elle ne tolère pas bien la sécheresse. Elle est peu tolérante au sel. Elle ne présente pas d'épines. Elle n'est pas considérée comme envahissante. Elle préfère une exposition en plein soleil. Elle a besoin d’un arrosage modéré. Elle pousse lentement. Elle demande une attention régulière. Elle requiert un suivi plus rigoureux. C’est une plante vivace.
Natal lily,Natal lily est une plante d'intérieur tempérée idéale pour divers environnements. Elle produit des fleurs décoratives. Elle tolère bien la sécheresse. Elle est peu tolérante au sel. Elle ne présente pas d'épines. Elle n'est pas considérée comme envahissante. Elle préfère une exposition en plein soleil. Elle a besoin d’un arrosage modéré. Elle pousse lentement. Elle demande une attention régulière. Son entretien est facile. C’est une plante herbacée vivace.
croton,croton est une plante d'intérieur tropicale idéale pour divers environnements. Elle produit des fleurs décoratives. Elle ne tolère pas bien la sécheresse. Elle peut survivre dans des environnements légèrement salins. Elle ne présente pas d'épines. Elle n'est pas considérée comme envahissante. Elle préfère une exposition en plein soleil. Elle a besoin d’un arrosage modéré. Elle pousse lentement. Elle demande une attention régulière. Elle requiert un suivi plus rigoureux. C’est une plante vivace.
croton,croton est une plante d'intérieur tempérée idéale pour divers environnements. Elle produit des fleurs décoratives. Elle ne tolère pas bien la sécheresse. Elle peut survivre dans des environnements légèrement salins. Elle ne présente pas d'épines. Elle n'est pas considérée comme envahissante. Elle préfère une exposition en plein soleil. Elle a besoin d’un arrosage modéré. Elle pousse lentement. Elle nécessite un entretien modéré. Elle requiert un suivi plus rigoureux. C’est une plante vivace.
columnea,columnea est une plante d'intérieur tempérée idéale pour divers environnements. Elle produit des fleurs décoratives. Elle tolère bien la sécheresse. Elle peut survivre dans des environnements légèrement salins. Elle ne présente pas d'épines. Elle n'est pas considérée comme envahissante. Elle préfère une exposition en plein soleil. Elle a besoin d’un arrosage modéré. Elle pousse lentement. Elle demande une attention régulière. Elle requiert un suivi plus rigoureux. C’est une plante vivace.
jade plant,jade plant est une plante d'intérieur tempérée idéale pour divers environnements. Elle produit des fleurs décoratives. Elle ne tolère pas bien la sécheresse. Elle est peu tolérante au sel. Elle ne présente pas d'épines. Elle n'est pas considérée comme envahissante. Elle préfère une exposition en plein soleil. Elle nécessite peu d’arrosage. Elle pousse lentement. Elle nécessite un entretien modéré. Son entretien est facile. C’est une plante vivace.
firecracker flower,firecracker flower est une plante d'intérieur tempérée idéale pour divers environnements. Elle produit des fleurs décoratives. Elle ne tolère pas bien la sécheresse. Elle peut survivre dans des environnements légèrement salins. Elle ne présente pas d'épines. Elle n'est pas considérée comme envahissante. Elle peut s’adapter à différents niveaux de lumière. Elle a besoin d’un arrosage modéré. Elle pousse rapidement. Elle demande une attention régulière. Elle requiert un suivi plus rigoureux. C’est une plante vivace.
cryptanthus,"cryptanthus est une plante d'intérieur tempérée idéale pour divers environnements. Elle produit des fleurs décoratives. Elle ne tolère pas bien la sécheresse. Elle peut survivre dans des environnements légèrement salins. Elle possède des épines, ce qui nécessite de la prudence. Elle n'est pas considérée comme envahissante. Elle peut s’adapter à différents niveaux de lumière. Elle a besoin d’un arrosage modéré. Elle pousse lentement. Elle nécessite un entretien modéré. Elle requiert un suivi plus rigoureux. C’est une plante vivace."
cuphea,cuphea est une plante d'intérieur tempérée idéale pour divers environnements. Elle produit des fleurs décoratives. Elle tolère bien la sécheresse. Elle est peu tolérante au sel. Elle ne présente pas d'épines. Elle n'est pas considérée comme envahissante. Elle préfère une exposition en plein soleil. Elle doit être arrosée fréquemment. Elle pousse rapidement. Elle nécessite un entretien modéré. Son entretien est facile. C’est une plante annuelle.
Sago palm,Sago palm est une plante d'intérieur tempérée idéale pour divers environnements. Elle produit des fleurs décoratives. Elle tolère bien la sécheresse. Elle peut survivre dans des environnements légèrement salins. Elle ne présente pas d'épines. Elle n'est pas considérée comme envahissante. Elle préfère une exposition en plein soleil. Elle a besoin d’un arrosage modéré. Elle pousse lentement. Elle demande une attention régulière. Son entretien est facile. C’est une plante vivace.
Persian violet,Persian violet est une plante d'intérieur tempérée idéale pour divers environnements. Elle produit des fleurs décoratives. Elle tolère bien la sécheresse. Elle est peu tolérante au sel. Elle ne présente pas d'épines. Elle n'est pas considérée comme envahissante. Elle préfère une lumière filtrée ou tamisée. Elle a besoin d’un arrosage modéré. Elle pousse lentement. Elle demande une attention régulière. Elle requiert un suivi plus rigoureux. C’est une plante herbacée vivace.
cyclamen,cyclamen est une plante d'intérieur tempérée idéale pour divers environnements. Elle produit des fleurs décoratives. Elle ne tolère pas bien la sécheresse. Elle est peu tolérante au sel. Elle ne présente pas d'épines. Elle n'est pas considérée comme envahissante. Elle peut s’adapter à différents niveaux de lumière. Elle a besoin d’un arrosage modéré. Elle pousse lentement. Elle nécessite un entretien modéré. Elle requiert un suivi plus rigoureux. C’est une plante vivace.
cymbalaria,cymbalaria est une plante d'intérieur tempérée idéale pour divers environnements. Elle produit des fleurs décoratives. Elle ne tolère pas bien la sécheresse. Elle peut survivre dans des environnements légèrement salins. Elle ne présente pas d'épines. Elle n'est pas considérée comme envahissante. Elle peut s’adapter à différents niveaux de lumière. Elle a besoin d’un arrosage modéré. Elle pousse lentement. Elle demande une attention régulière. Elle requiert un suivi plus rigoureux. C’est une plante herbacée vivace.
orchid,orchid est une plante d'intérieur tropicale idéale pour divers environnements. Elle produit des fleurs décoratives. Elle tolère bien la sécheresse. Elle peut survivre dans des environnements légèrement salins. Elle ne présente pas d'épines. Elle n'est pas considérée comme envahissante. Elle peut s’adapter à différents niveaux de lumière. Elle a besoin d’un arrosage modéré. Elle pousse lentement. Elle demande une attention régulière. Elle requiert un suivi plus rigoureux. C’est une plante vivace.
umbrella plant,umbrella plant est une plante d'intérieur tempérée idéale pour divers environnements. Elle produit des fleurs décoratives. Elle tolère bien la sécheresse. Elle peut survivre dans des environnements légèrement salins. Elle ne présente pas d'épines. Elle n'est pas considérée comme envahissante. Elle peut s’adapter à différents niveaux de lumière. Elle a besoin d’un arrosage modéré. Elle pousse lentement. Elle demande une attention régulière. Elle requiert un suivi plus rigoureux. C’est une plante vivace.
umbrella plant,umbrella plant est une plante d'intérieur tempérée idéale pour divers environnements. Elle produit des fleurs décoratives. Elle tolère bien la sécheresse. Elle peut survivre dans des environnements légèrement salins. Elle ne présente pas d'épines. Elle peut devenir envahissante si elle n'est pas contrôlée. Elle préfère une exposition en plein soleil. Elle doit être arrosée fréquemment. Elle pousse lentement. Elle demande une attention régulière. Elle requiert un suivi plus rigoureux. C’est une plante vivace.
umbrella plant,umbrella plant est une plante d'intérieur tropicale idéale pour divers environnements. Elle produit des fleurs décoratives. Elle tolère bien la sécheresse. Elle peut survivre dans des environnements légèrement salins. Elle ne présente pas d'épines. Elle n'est pas considérée comme envahissante. Elle préfère une exposition en plein soleil. Elle nécessite peu d’arrosage. Elle pousse lentement. Elle demande une attention régulière. Elle requiert un suivi plus rigoureux. C’est une plante vivace.
umbrella plant,umbrella plant est une plante d'intérieur tempérée idéale pour divers environnements. Elle produit des fleurs décoratives. Elle tolère bien la sécheresse. Elle peut survivre dans des environnements légèrement salins. Elle ne présente pas d'épines. Elle n'est pas considérée comme envahissante. Elle préfère une exposition en plein soleil. Elle a besoin d’un arrosage modéré. Elle pousse lentement. Elle nécessite un entretien modéré. Elle requiert un suivi plus rigoureux. C’est une plante vivace.
Japanese holly fern,Japanese holly fern est une plante d'intérieur tempérée idéale pour divers environnements. Elle produit des fleurs décoratives. Elle tolère bien la sécheresse. Elle est peu tolérante au sel. Elle ne présente pas d'épines. Elle n'est pas considérée comme envahissante. Elle préfère une lumière filtrée ou tamisée. Elle doit être arrosée fréquemment. Elle pousse lentement. Elle nécessite un entretien modéré. Elle requiert un suivi plus rigoureux. C’est une plante vivace.
Japanese holly fern,Japanese holly fern est une plante d'intérieur tempérée idéale pour divers environnements. Elle produit des fleurs décoratives. Elle tolère bien la sécheresse. Elle peut survivre dans des environnements légèrement salins. Elle ne présente pas d'épines. Elle n'est pas considérée comme envahissante. Elle peut s’adapter à différents niveaux de lumière. Elle doit être arrosée fréquemment. Elle pousse lentement. Elle demande une attention régulière. Elle requiert un suivi plus rigoureux. C’est une plante vivace.
rabbit's foot fern,rabbit's foot fern est une plante d'intérieur tropicale idéale pour divers environnements. Elle produit des fleurs décoratives. Elle ne tolère pas bien la sécheresse. Elle est peu tolérante au sel. Elle ne présente pas d'épines. Elle n'est pas considérée comme envahissante. Elle peut s’adapter à différents niveaux de lumière. Elle a besoin d’un arrosage modéré. Elle pousse lentement. Elle demande une attention régulière. Elle requiert un suivi plus rigoureux. C’est une plante vivace.
orchid,orchid est une plante d'intérieur tropicale idéale pour divers environnements. Elle produit des fleurs décoratives. Elle ne tolère pas bien la sécheresse. Elle est peu tolérante au sel. Elle ne présente pas d'épines. Elle n'est pas considérée comme envahissante. Elle peut s’adapter à différents niveaux de lumière. Elle a besoin d’un arrosage modéré. Elle pousse rapidement. Elle requiert des soins exigeants. Elle est plutôt exigeante. C’est une plante vivace.
dumb cane,dumb cane est une plante d'intérieur tropicale idéale pour divers environnements. Elle produit des fleurs décoratives. Elle ne tolère pas bien la sécheresse. Elle est peu tolérante au sel. Elle ne présente pas d'épines. Elle n'est pas considérée comme envahissante. Elle préfère une lumière filtrée ou tamisée. Elle a besoin d’un arrosage modéré. Elle pousse modérément. Elle demande une attention régulière. Elle requiert un suivi plus rigoureux. C’est une plante herbacée vivace.
Venus fly trap,"Venus fly trap est une plante d'intérieur tempérée idéale pour divers environnements. Elle produit des fleurs décoratives. Elle tolère bien la sécheresse. Elle est peu tolérante au sel. Elle possède des épines, ce qui nécessite de la prudence. Elle n'est pas considérée comme envahissante. Elle préfère une exposition en plein soleil. Elle a besoin d’un arrosage modéré. Elle pousse rapidement. Elle demande une attention régulière. Elle est plutôt exigeante. C’est une plante herbacée vivace."
Venus fly trap,Venus fly trap est une plante d'intérieur tempérée idéale pour divers environnements. Elle produit des fleurs décoratives. Elle tolère bien la sécheresse. Elle est peu tolérante au sel. Elle ne présente pas d'épines. Elle n'est pas considérée comme envahissante. Elle préfère une exposition en plein soleil. Elle a besoin d’un arrosage modéré. Elle pousse rapidement. Elle demande une attention régulière. Elle est plutôt exigeante. C’est une plante herbacée vivace.
Venus fly trap,"Venus fly trap est une plante d'intérieur tropicale idéale pour divers environnements. Elle produit des fleurs décoratives. Elle ne tolère pas bien la sécheresse. Elle est peu tolérante au sel. Elle possède des épines, ce qui nécessite de la prudence. Elle n'est pas considérée comme envahissante. Elle préfère une exposition en plein soleil. Elle nécessite peu d’arrosage. Elle pousse rapidement. Elle demande une attention régulière. Elle est plutôt exigeante. C’est une plante herbacée vivace."
Venus fly trap,Venus fly trap est une plante d'intérieur tempérée idéale pour divers environnements. Elle produit des fleurs décoratives. Elle ne tolère pas bien la sécheresse. Elle est peu tolérante au sel. Elle ne présente pas d'épines. Elle n'est pas considérée comme envahissante. Elle préfère une exposition en plein soleil. Elle doit être arrosée fréquemment. Elle pousse rapidement. Elle demande une attention régulière. Elle est plutôt exigeante. C’est une plante herbacée vivace.
fragrant dracaena,fragrant dracaena est une plante d'intérieur tropicale idéale pour divers environnements. Elle produit des fleurs décoratives. Elle tolère bien la sécheresse. Elle est peu tolérante au sel. Elle ne présente pas d'épines. Elle n'est pas considérée comme envahissante. Elle peut s’adapter à différents niveaux de lumière. Elle a besoin d’un arrosage modéré. Elle pousse lentement. Elle demande une attention régulière. Son entretien est facile. C’est une plante vivace.
striped dracaena,striped dracaena est une plante d'intérieur tempérée idéale pour divers environnements. Elle produit des fleurs décoratives. Elle tolère bien la sécheresse. Elle est peu tolérante au sel. Elle ne présente pas d'épines. Elle n'est pas considérée comme envahissante. Elle peut s’adapter à différents niveaux de lumière. Elle a besoin d’un arrosage modéré. Elle pousse lentement. Elle demande une attention régulière. Son entretien est facile. C’est une plante vivace.
striped dracaena,striped dracaena est une plante d'intérieur tempérée idéale pour divers environnements. Elle produit des fleurs décoratives. Elle tolère bien la sécheresse. Elle est peu tolérante au sel. Elle ne présente pas d'épines. Elle n'est pas considérée comme envahissante. Elle peut s’adapter à différents niveaux de lumière. Elle nécessite peu d’arrosage. Elle pousse lentement. Elle demande une attention régulière. Son entretien est facile. C’est une plante vivace.
dragontree,dragontree est une plante d'intérieur tempérée idéale pour divers environnements. Elle produit des fleurs décoratives. Elle tolère bien la sécheresse. Elle peut survivre dans des environnements légèrement salins. Elle ne présente pas d'épines. Elle n'est pas considérée comme envahissante. Elle préfère une exposition en plein soleil. Elle a besoin d’un arrosage modéré. Elle pousse lentement. Elle nécessite un entretien modéré. Son entretien est facile. C’est une plante vivace.
song of India,song of India est une plante d'intérieur tropicale idéale pour divers environnements. Elle produit des fleurs décoratives. Elle tolère bien la sécheresse. Elle peut survivre dans des environnements légèrement salins. Elle ne présente pas d'épines. Elle n'est pas considérée comme envahissante. Elle préfère une exposition en plein soleil. Elle nécessite peu d’arrosage. Elle pousse lentement. Elle demande une attention régulière. Son entretien est facile. C’est une plante vivace.
dracaena,dracaena est une plante d'intérieur tropicale idéale pour divers environnements. Elle produit des fleurs décoratives. Elle tolère bien la sécheresse. Elle est peu tolérante au sel. Elle ne présente pas d'épines. Elle n'est pas considérée comme envahissante. Elle peut s’adapter à différents niveaux de lumière. Elle a besoin d’un arrosage modéré. Elle pousse lentement. Elle demande une attention régulière. Son entretien est facile. C’est une plante herbacée vivace.
bamboo palm,bamboo palm est une plante d'intérieur tropicale idéale pour divers environnements. Elle produit des fleurs décoratives. Elle ne tolère pas bien la sécheresse. Elle peut survivre dans des environnements légèrement salins. Elle ne présente pas d'épines. Elle n'est pas considérée comme envahissante. Elle peut s’adapter à différents niveaux de lumière. Elle a besoin d’un arrosage modéré. Elle pousse rapidement. Elle nécessite un entretien modéré. Son entretien est facile. C’est une plante vivace.
golden pothos,golden pothos est une plante d'intérieur tropicale idéale pour divers environnements. Elle produit des fleurs décoratives. Elle ne tolère pas bien la sécheresse. Elle est peu tolérante au sel. Elle ne présente pas d'épines. Elle peut devenir envahissante si elle n'est pas contrôlée. Elle peut s’adapter à différents niveaux de lumière. Elle a besoin d’un arrosage modéré. Elle pousse rapidement. Elle demande une attention régulière. Son entretien est facile. C’est une plante vivace.
pothos,pothos est une plante d'intérieur tropicale idéale pour divers environnements. Elle produit des fleurs décoratives. Elle ne tolère pas bien la sécheresse. Elle est peu tolérante au sel. Elle ne présente pas d'épines. Elle n'est pas considérée comme envahissante. Elle peut s’adapter à différents niveaux de lumière. Elle a besoin d’un arrosage modéré. Elle pousse rapidement. Elle nécessite un entretien modéré. Son entretien est facile. C’est une plante vivace.
flame violet,"flame violet est une plante d'intérieur tropicale idéale pour divers environnements. Elle produit des fleurs décoratives. Elle tolère bien la sécheresse. Elle est peu tolérante au sel. Elle possède des épines, ce qui nécessite de la prudence. Elle n'est pas considérée comme envahissante. Elle peut s’adapter à différents niveaux de lumière. Elle a besoin d’un arrosage modéré. Elle pousse lentement. Elle demande une attention régulière. Elle est plutôt exigeante. C’est une plante herbacée vivace."
Amazon lily,Amazon lily est une plante d'intérieur tempérée idéale pour divers environnements. Elle produit des fleurs décoratives. Elle ne tolère pas bien la sécheresse. Elle peut survivre dans des environnements légèrement salins. Elle ne présente pas d'épines. Elle n'est pas considérée comme envahissante. Elle peut s’adapter à différents niveaux de lumière. Elle a besoin d’un arrosage modéré. Elle pousse rapidement. Elle requiert des soins exigeants. Son entretien est facile. C’est une plante vivace.
christplant,christplant est une plante d'intérieur tropicale idéale pour divers environnements. Elle produit des fleurs décoratives. Elle tolère bien la sécheresse. Elle est peu tolérante au sel. Elle ne présente pas d'épines. Elle n'est pas considérée comme envahissante. Elle préfère une exposition en plein soleil. Elle a besoin d’un arrosage modéré. Elle pousse lentement. Elle demande une attention régulière. Elle requiert un suivi plus rigoureux. C’est une plante vivace.
poinsettia,poinsettia est une plante d'intérieur tempérée idéale pour divers environnements. Elle produit des fleurs décoratives. Elle ne tolère pas bien la sécheresse. Elle est peu tolérante au sel. Elle ne présente pas d'épines. Elle n'est pas considérée comme envahissante. Elle peut s’adapter à différents niveaux de lumière. Elle a besoin d’un arrosage modéré. Elle pousse modérément. Elle demande une attention régulière. Elle est plutôt exigeante. C’est une plante vivace.
Persian violet,Persian violet est une plante d'intérieur tempérée idéale pour divers environnements. Elle produit des fleurs décoratives. Elle ne tolère pas bien la sécheresse. Elle peut survivre dans des environnements légèrement salins. Elle ne présente pas d'épines. Elle n'est pas considérée comme envahissante. Elle peut s’adapter à différents niveaux de lumière. Elle a besoin d’un arrosage modéré. Elle pousse lentement. Elle demande une attention régulière. Son entretien est facile. C’est une plante annuelle.
weeping fig,weeping fig est une plante d'intérieur tropicale idéale pour divers environnements. Elle produit des fleurs décoratives. Elle ne tolère pas bien la sécheresse. Elle est peu tolérante au sel. Elle ne présente pas d'épines. Elle n'est pas considérée comme envahissante. Elle peut s’adapter à différents niveaux de lumière. Elle a besoin d’un arrosage modéré. Elle pousse rapidement. Elle demande une attention régulière. Son entretien est facile. C’est une plante vivace.
fig,fig est une plante d'intérieur tempérée idéale pour divers environnements. Elle produit des fleurs décoratives. Elle tolère bien la sécheresse. Elle est peu tolérante au sel. Elle ne présente pas d'épines. Elle n'est pas considérée comme envahissante. Elle préfère une exposition en plein soleil. Elle a besoin d’un arrosage modéré. Elle pousse lentement. Elle demande une attention régulière. Elle requiert un suivi plus rigoureux. C’est une plante vivace.
fig,fig est une plante d'intérieur tempérée idéale pour divers environnements. Elle produit des fleurs décoratives. Elle ne tolère pas bien la sécheresse. Elle est peu tolérante au sel. Elle ne présente pas d'épines. Elle n'est pas considérée comme envahissante. Elle préfère une exposition en plein soleil. Elle a besoin d’un arrosage modéré. Elle pousse lentement. Elle demande une attention régulière. Elle requiert un suivi plus rigoureux. C’est une plante vivace.
fig,fig est une plante d'intérieur tempérée idéale pour divers environnements. Elle produit des fleurs décoratives. Elle ne tolère pas bien la sécheresse. Elle peut survivre dans des environnements légèrement salins. Elle ne présente pas d'épines. Elle n'est pas considérée comme envahissante. Elle préfère une exposition en plein soleil. Elle a besoin d’un arrosage modéré. Elle pousse lentement. Elle demande une attention régulière. Elle requiert un suivi plus rigoureux. C’est une plante vivace.
fig,fig est une plante d'intérieur tempérée idéale pour divers environnements. Elle produit des fleurs décoratives. Elle tolère bien la sécheresse. Elle est peu tolérante au sel. Elle ne présente pas d'épines. Elle n'est pas considérée comme envahissante. Elle préfère une exposition en plein soleil. Elle a besoin d’un arrosage modéré. Elle pousse lentement. Elle demande une attention régulière. Elle requiert un suivi plus rigoureux. C’est une plante vivace.
Indian rubberplant,Indian rubberplant est une plante d'intérieur tempérée idéale pour divers environnements. Elle produit des fleurs décoratives. Elle tolère bien la sécheresse. Elle est peu tolérante au sel. Elle ne présente pas d'épines. Elle n'est pas considérée comme envahissante. Elle préfère une exposition en plein soleil. Elle a besoin d’un arrosage modéré. Elle pousse modérément. Elle demande une attention régulière. Son entretien est facile. C’est une plante vivace.
India rubber plant,India rubber plant est une plante d'intérieur tropicale idéale pour divers environnements. Elle produit des fleurs décoratives. Elle tolère bien la sécheresse. Elle est peu tolérante au sel. Elle ne présente pas d'épines. Elle n'est pas considérée comme envahissante. Elle peut s’adapter à différents niveaux de lumière. Elle a besoin d’un arrosage modéré. Elle pousse lentement. Elle demande une attention régulière. Son entretien est facile. C’est une plante vivace.
fiddle-leaf fig,fiddle-leaf fig est une plante d'intérieur tropicale idéale pour divers environnements. Elle produit des fleurs décoratives. Elle ne tolère pas bien la sécheresse. Elle est peu tolérante au sel. Elle ne présente pas d'épines. Elle n'est pas considérée comme envahissante. Elle peut s’adapter à différents niveaux de lumière. Elle a besoin d’un arrosage modéré. Elle pousse rapidement. Elle demande une attention régulière. Son entretien est facile. C’est une plante vivace.
climbing fig,climbing fig est une plante d'intérieur tempérée idéale pour divers environnements. Elle produit des fleurs décoratives. Elle tolère bien la sécheresse. Elle est peu tolérante au sel. Elle ne présente pas d'épines. Elle peut devenir envahissante si elle n'est pas contrôlée. Elle peut s’adapter à différents niveaux de lumière. Elle doit être arrosée fréquemment. Elle pousse rapidement. Elle demande une attention régulière. Son entretien est facile. C’est une plante vivace.
Nerve Plant,Nerve Plant est une plante d'intérieur tempérée idéale pour divers environnements. Elle produit des fleurs décoratives. Elle ne tolère pas bien la sécheresse. Elle est peu tolérante au sel. Elle ne présente pas d'épines. Elle n'est pas considérée comme envahissante. Elle peut s’adapter à différents niveaux de lumière. Elle a besoin d’un arrosage modéré. Elle pousse lentement. Elle nécessite un entretien modéré. Son entretien est facile. C’est une plante herbacée vivace.
